{
  "source_file": "Daily Allocation - 133, 155, 131, 704, 141, 152, 156, 708, 715 - 5.27.2026.xlsb",
  "rows_scored": 22592,
  "threshold": 0.05,
  "precision": 0.999266862170088,
  "recall": 0.9948905109489051,
  "f1": 0.9970738844184345,
  "unit_accuracy": 0.9987163597733711,
  "positive_unit_accuracy": 0.9795620437956204,
  "unit_mae": 0.0013279036827195468,
  "false_positive_rate": 4.712091226086137e-05,
  "predicted_positive_rows": 1364,
  "actual_positive_rows": 1370
}