{
  "before": {
    "note": "before_continue_training",
    "best_threshold": 0.51,
    "threshold": 0.51,
    "precision": 0.8963247394404827,
    "recall": 0.8153692614770459,
    "f1": 0.8539325842696629,
    "true_positive": 1634.0,
    "false_positive": 189.0,
    "true_negative": 5811.0,
    "false_negative": 370.0,
    "false_positive_rate": 0.0315,
    "exact_unit_accuracy": 0.7946026986506747,
    "positive_unit_accuracy": 0.22005988023952097,
    "unit_mae": 0.29560219890054973,
    "positive_unit_mae": 1.1402195608782435,
    "predicted_positive_rows": 1823.0,
    "actual_positive_rows": 2004.0
  },
  "after": {
    "note": "after_continue_training",
    "best_threshold": 0.35,
    "threshold": 0.35,
    "precision": 0.9146666666666666,
    "recall": 0.8557884231536926,
    "f1": 0.8842485176591905,
    "true_positive": 1715.0,
    "false_positive": 160.0,
    "true_negative": 5840.0,
    "false_negative": 289.0,
    "false_positive_rate": 0.02666666666666667,
    "exact_unit_accuracy": 0.9029235382308846,
    "positive_unit_accuracy": 0.6746506986027944,
    "unit_mae": 0.15592203898050974,
    "positive_unit_mae": 0.560379241516966,
    "predicted_positive_rows": 1875.0,
    "actual_positive_rows": 2004.0
  },
  "metadata": {
    "model_type": "continued_base_sklearn_mlp_neural_network",
    "backend": "sklearn_mlp_base_model_continued_training_hosted_compatible",
    "rows_trained": 35502,
    "positive_rows": 5502,
    "positive_rate": 0.15497718438397837,
    "continued_epochs": 4,
    "full_data_polish_epochs": 0,
    "recommended_threshold": 0.35,
    "max_units_class": 120,
    "validation_method": "holdout_by_file",
    "validation_rows": 8004,
    "train_rows": 27498,
    "validation_precision": 0.9146666666666666,
    "validation_recall": 0.8557884231536926,
    "validation_f1": 0.8842485176591905,
    "validation_false_positive_rate": 0.02666666666666667,
    "validation_integer_unit_accuracy": 0.9029235382308846,
    "validation_positive_integer_unit_accuracy": 0.6746506986027944,
    "validation_integer_unit_mae": 0.15592203898050974,
    "trained_seconds": 25.26,
    "note": "Base hosted-compatible neural MLP continued for 4 additional epochs on the cached multi-file allocation dataset. Keras/Torch training code remains included for deeper hosted/local sessions."
  }
}